CustomerID,Age,Gender,AnnualIncome,PurchaseFrequency,AveragePurchaseValue,TotalPurchaseAmount,WebsiteVisits,DiscountUsage
1,56,Male,25240,18,5268,82571,27,1
2,46,Male,63221,6,5433,66481,27,8
3,32,Male,30478,19,9716,69576,2,13
4,60,Male,148055,4,517,65174,41,8
5,25,Male,75645,1,2596,27160,48,15
6,38,Female,130698,8,2362,18633,13,16
7,56,Male,39262,29,2945,95880,9,15
8,36,Male,138831,23,1791,18014,36,11
9,40,Male,72796,7,6383,81532,22,2
10,28,Female,24432,3,4130,50104,42,10
11,28,Female,115257,10,1512,42621,26,13
12,41,Male,84291,10,9677,78231,12,17
13,53,Female,99104,19,4511,69388,17,4
14,57,Male,79399,14,7514,17014,14,15
15,41,Male,147600,2,2583,93578,14,19
16,20,Female,99714,28,3439,34755,34,4
17,39,Male,70428,1,2339,41390,20,2
18,19,Female,107731,23,1904,24711,11,11
19,41,Female,145646,23,7124,92658,16,0
20,61,Male,20302,28,562,58993,31,8
21,47,Male,102558,18,2804,75696,6,8
22,55,Female,20055,7,4486,28213,19,3
23,19,Male,131317,29,3938,58784,37,2
24,38,Male,28717,8,2669,8421,4,16
25,50,Male,147449,1,4995,87936,47,1
26,29,Female,48699,25,6350,18727,4,0
27,39,Female,93686,23,756,5358,20,7
28,61,Male,87661,3,9217,66108,10,12
29,42,Female,64247,24,3008,95018,24,14
30,44,Female,134049,23,5350,33117,35,7
31,59,Female,36748,27,7761,89700,26,11
32,45,Female,125113,29,2919,32910,37,11
33,33,Female,24621,8,6706,99032,38,13
34,32,Male,35034,22,3941,56754,21,14
35,64,Male,131927,25,9966,63438,40,14
36,61,Male,147858,15,4198,30371,39,8
37,20,Female,25126,5,2603,52501,21,18
38,54,Female,25122,3,8980,61946,10,19
39,24,Male,38030,19,9939,39467,38,7
40,38,Female,102838,1,494,18625,46,18
41,26,Male,104717,28,5543,34893,4,5
42,56,Male,75658,15,1336,77329,45,19
43,35,Male,58638,8,2264,32007,20,18
44,21,Female,87067,2,7209,92302,17,3
45,42,Female,126476,3,4743,40532,7,6
46,31,Male,138033,24,1207,55253,4,3
47,26,Male,125977,14,5645,13323,29,11
48,43,Male,108869,24,5552,74379,14,12
49,19,Male,125186,14,9639,15210,3,2
50,37,Female,54674,11,1635,17456,24,11
51,45,Female,55854,16,771,32367,37,1
52,64,Male,66271,4,2582,55624,16,1
53,24,Male,93688,20,9637,11106,4,8
54,61,Female,58518,5,5284,69008,24,0
55,25,Female,131076,22,477,73240,34,7
56,64,Male,30267,21,7259,65315,30,5
57,52,Male,110825,14,2087,70249,18,5
58,31,Male,21062,23,1465,71587,19,17
59,34,Female,136664,16,7691,11756,31,16
60,53,Female,70448,18,1240,69011,19,11
61,57,Female,115462,7,9309,37378,49,5
62,21,Male,26229,10,8273,5255,46,7
63,19,Male,76793,7,9277,15484,19,18
64,23,Female,134813,1,2952,57549,22,9
65,59,Female,67915,23,8413,35503,24,0
66,21,Male,24632,21,4769,74794,45,12
67,46,Female,124592,19,6553,46113,12,16
68,35,Female,23596,16,2553,75069,30,2
69,43,Male,129779,29,7637,99117,38,7
70,61,Female,26168,19,4999,6249,31,13
71,51,Male,128099,4,886,20201,36,2
72,27,Male,27561,29,8676,59576,19,15
73,53,Male,93794,28,5011,10686,48,12
74,31,Male,102152,18,9154,54363,45,19
75,48,Male,145036,2,5546,98543,36,16
76,32,Male,144049,1,5243,1661,30,12
77,25,Male,46734,15,2628,45843,49,5
78,31,Female,26371,5,5326,96673,33,16
79,40,Male,138894,20,8420,61963,18,13
80,57,Male,46069,11,9298,43828,49,16
81,38,Female,99905,10,8013,49604,28,7
82,33,Female,32910,2,9845,11526,47,10
83,62,Female,93479,3,3556,69910,11,19
84,35,Male,97735,23,8907,26592,45,0
85,64,Female,101264,23,7466,29982,33,6
86,41,Male,43275,12,6740,1207,17,16
87,43,Male,92274,20,238,89733,6,9
88,42,Male,101449,5,3542,99936,4,10
89,62,Male,120776,5,9278,69619,20,8
90,58,Female,80004,6,3044,30328,48,8
91,46,Female,82981,9,1298,47479,47,4
92,32,Male,104659,2,7227,21103,27,16
93,62,Male,74553,21,2023,40891,15,8
94,18,Male,68447,12,3355,11754,6,16
95,42,Female,54529,3,3293,82437,47,18
96,24,Male,146394,20,5858,99540,14,6
97,26,Male,95703,26,3978,73982,11,8
98,41,Female,96090,22,3096,56922,39,6
99,18,Female,37260,12,1188,49231,9,12
100,61,Male,132581,24,4316,30301,26,10
101,25,Female,23812,17,6646,92652,16,13
102,41,Female,48024,10,4379,63711,5,18
103,28,Male,78656,24,1882,42323,10,10
104,34,Female,136148,27,5826,19752,3,12
105,25,Male,47285,14,7624,98912,13,13
106,52,Female,112436,23,1133,83205,43,12
107,52,Male,136421,17,3798,99452,49,0
108,50,Male,21605,18,2180,14395,30,7
109,22,Male,91158,19,3256,86957,45,11
110,59,Female,92303,17,9184,57273,6,18
111,56,Male,47139,14,991,92878,17,11
112,58,Female,97149,9,5590,5895,45,7
113,45,Male,76138,8,6835,77559,19,7
114,24,Male,138205,2,2455,11699,42,12
115,26,Female,96125,13,3810,66061,35,11
116,25,Male,33918,25,1807,10715,46,15
117,29,Male,105655,7,5379,20169,26,0
118,51,Female,47446,9,6773,17163,5,12
119,50,Male,144040,22,1184,6782,29,6
120,40,Male,33046,22,5976,89177,37,4
121,41,Male,149922,11,3876,85328,20,7
122,54,Male,44818,14,3580,36585,49,13
123,52,Female,120894,4,8911,31682,21,12
124,61,Female,135751,26,8982,48864,10,14
125,57,Male,24324,26,1250,85416,5,16
126,39,Female,96323,29,3833,56114,36,14
127,44,Male,29111,13,6542,39067,6,19
128,52,Female,58110,2,1159,43685,26,17
129,18,Male,36389,23,6259,19073,4,17
130,52,Male,142177,5,9084,37035,39,1
131,54,Male,61427,11,5855,65977,39,3
132,64,Male,99579,6,4673,91373,35,0
133,31,Male,48746,18,3146,84362,1,3
134,20,Male,142883,21,7925,91517,24,17
135,18,Female,107886,10,726,66450,36,4
136,22,Male,127141,4,3424,11382,6,18
137,43,Female,20117,9,2075,5437,41,14
138,31,Male,145808,6,1963,71971,46,7
139,56,Female,132221,2,8912,65612,44,19
140,44,Female,104471,17,5997,91355,31,16
141,26,Female,132613,5,9408,62929,20,0
142,32,Male,33234,25,7299,98518,24,11
143,32,Male,149597,6,5309,99864,25,18
144,43,Female,123864,26,6844,13329,36,14
145,59,Male,73441,12,316,26169,21,8
146,30,Female,20846,23,2633,88468,30,6
147,49,Male,30954,21,5663,35594,24,1
148,56,Female,99239,10,783,77957,44,8
149,49,Female,133689,22,8786,61631,42,9
150,21,Male,66514,21,3988,46033,30,1
151,47,Female,108236,27,4367,64133,22,18
152,54,Male,117579,25,8665,74165,28,10
153,40,Female,148644,6,1589,74861,7,12
154,56,Female,26469,27,8557,53290,35,9
155,62,Male,50105,8,9959,95031,28,13
156,32,Male,62101,2,6354,32750,14,17
157,60,Male,84323,12,5620,96155,10,18
158,46,Female,111922,13,9120,41461,16,8
159,53,Male,78067,25,2243,74800,16,6
160,30,Female,69376,21,4397,79222,31,2
161,49,Female,65587,7,3696,25226,42,19
162,24,Male,56976,10,978,7721,25,5
163,39,Male,124587,13,413,57154,13,1
164,45,Female,147534,17,3962,21609,6,5
165,19,Female,87584,26,9968,53130,44,2
166,59,Male,124537,21,6931,73909,9,15
167,62,Male,98477,28,3317,56249,45,7
168,23,Male,130911,26,5991,49895,36,1
169,45,Male,62533,14,8983,95473,43,16
170,45,Male,21828,2,2920,6656,20,8
171,61,Female,21917,28,9105,75520,18,11
172,61,Female,40618,22,9327,64740,43,2
173,37,Female,52254,11,6247,65309,21,10
174,47,Female,125292,1,8232,30984,4,0
175,28,Male,136714,19,201,74822,33,12
176,45,Male,67362,21,6568,6901,27,14
177,42,Male,40128,4,2149,32552,7,4
178,56,Female,143781,19,6932,92245,6,16
179,50,Female,131281,26,8033,32055,15,5
180,18,Male,79383,29,1117,38685,18,10
181,44,Male,85545,21,3374,74965,32,17
182,30,Female,102180,11,7214,15716,11,3
183,58,Female,107958,8,289,12138,20,2
184,20,Male,29865,11,1909,36298,24,12
185,56,Male,22219,4,3241,52112,15,8
186,23,Female,59809,17,305,24429,48,5
187,25,Male,136748,27,9278,51200,7,11
188,44,Male,25287,7,8819,72308,21,1
189,26,Male,146593,8,2095,49244,42,2
190,54,Female,54387,3,6290,18347,26,2
191,50,Female,28512,22,8708,17920,44,11
192,59,Female,21342,2,6282,32822,14,14
193,61,Female,83076,23,834,47659,37,8
194,41,Female,128872,15,2125,41108,21,7
195,32,Female,39216,24,2256,90099,18,10
196,49,Female,137512,22,7117,8967,5,15
197,49,Male,136682,22,3344,12871,3,3
198,41,Male,113070,5,9831,95299,23,0
199,58,Male,99767,24,752,78452,26,6
200,29,Male,117829,1,9107,75270,37,1
201,56,Male,46614,26,5583,34613,24,4
202,19,Male,56258,4,4111,29179,49,6
203,20,Male,113789,15,3589,53188,19,3
204,54,Female,62078,20,9499,56099,25,4
205,34,Female,126288,19,8642,36262,21,0
206,19,Male,103524,3,2630,79213,12,0
207,19,Male,116573,20,658,19268,41,14
208,45,Female,32219,11,407,78866,33,19
209,40,Male,20235,17,1099,87269,4,18
210,54,Male,62929,27,221,61545,42,9
211,49,Female,147309,13,8801,93822,7,17
212,50,Male,87444,11,1094,73146,22,2
213,18,Female,28567,2,714,72966,33,10
214,36,Male,121834,9,7494,40922,17,14
215,19,Female,90792,26,5104,80364,24,10
216,61,Female,85441,2,8067,43913,34,16
217,43,Female,104555,21,4309,98033,28,16
218,49,Male,93698,9,7379,56677,43,5
219,23,Female,144450,9,1760,50841,41,4
220,49,Male,137248,8,1466,47332,39,7
221,21,Male,25415,17,3838,93062,22,1
222,28,Male,56159,1,9141,96694,49,15
223,34,Male,63925,25,3627,26032,17,19
224,55,Female,146523,29,4980,38846,34,11
225,41,Female,25951,11,2127,60474,6,5
226,22,Male,107388,8,2556,45936,46,0
227,51,Male,28007,10,4990,30794,6,3
228,23,Female,146730,25,506,62588,34,16
229,39,Male,61832,7,8179,71984,1,12
230,28,Female,78596,3,3865,51331,10,17
231,33,Male,141101,3,7257,95397,21,4
232,50,Male,50523,18,861,29141,5,2
233,26,Female,108861,5,4844,10074,2,10
234,23,Male,144194,12,8703,7406,22,12
235,33,Female,106740,12,3120,98359,48,3
236,46,Male,35524,19,9474,24291,2,13
237,20,Male,149028,6,9146,42568,10,10
238,37,Male,39282,2,6436,98539,34,9
239,53,Female,43930,12,6278,47851,16,18
240,36,Male,20077,19,552,55823,48,17
241,43,Male,125881,5,9294,24312,39,5
242,20,Male,145501,12,7205,44108,22,14
243,36,Male,40611,27,358,67918,12,9
244,37,Female,36984,27,1156,35171,24,4
245,49,Female,34060,17,2271,42779,47,4
246,24,Male,102985,29,8795,69828,40,9
247,58,Female,104056,17,9779,99723,38,4
248,50,Male,145329,10,3653,13411,10,2
249,57,Male,63303,25,6875,58009,35,5
250,56,Male,79207,23,1155,16422,49,3
251,35,Female,95046,17,6495,43468,32,17
252,57,Female,49287,15,1912,33371,7,8
253,18,Female,113709,12,4903,58022,21,16
254,28,Female,59711,16,6763,72229,20,12
255,45,Female,31954,24,9665,52196,26,14
256,42,Female,93340,19,5831,81354,4,19
257,40,Female,92101,8,9833,97774,46,16
258,48,Female,91520,21,1594,97410,22,12
259,47,Female,107062,17,9661,27715,15,15
260,59,Male,122974,23,4932,28605,40,3
261,52,Female,38574,5,3914,32174,21,4
262,24,Female,29184,22,729,10956,15,4
263,33,Female,39096,16,3158,77373,22,8
264,43,Female,87728,6,8104,70252,28,16
265,19,Female,54016,8,3791,62949,14,12
266,18,Female,31246,25,7095,63646,27,1
267,29,Female,65558,18,9331,71017,41,12
268,22,Female,138721,25,725,64037,40,18
269,54,Female,38381,12,6677,90818,28,2
270,49,Female,147796,15,201,7548,26,9
271,26,Female,56455,27,574,74294,49,1
272,58,Male,112263,26,4848,24177,2,12
273,52,Male,24018,9,2565,25022,25,18
274,36,Female,31302,13,1725,6542,3,16
275,33,Female,87506,26,1846,92012,8,13
276,20,Male,61157,15,213,97320,44,11
277,37,Female,74917,10,4799,61428,33,11
278,41,Male,112738,16,2478,23740,42,10
279,50,Male,116646,7,3355,60353,35,6
280,41,Male,103122,17,8521,91353,6,3
281,28,Male,44519,23,4014,57532,39,18
282,25,Male,116809,26,3416,17052,23,0
283,53,Female,107487,21,8419,48076,25,2
284,55,Male,76819,22,2313,54420,43,12
285,57,Female,100910,26,9644,1671,19,14
286,37,Female,140430,7,4556,1163,5,1
287,52,Male,91324,14,5743,42424,11,10
288,42,Male,25408,15,4755,54744,12,3
289,52,Female,79379,21,7262,71331,10,18
290,42,Male,45053,7,3574,11634,8,16
291,46,Male,29446,9,6630,5798,24,2
292,35,Female,20922,19,3666,23420,28,17
293,63,Female,118723,16,3281,30300,41,7
294,35,Male,71356,8,829,90881,36,18
295,19,Female,30789,18,469,11749,37,4
296,52,Male,117720,27,5924,26121,21,6
297,33,Male,86656,23,6097,38487,8,7
298,58,Male,64028,29,3632,94947,9,4
299,53,Female,84484,18,9672,34361,47,16
300,50,Female,52154,20,6476,22223,15,4
301,21,Female,102870,7,6095,73930,48,3
302,50,Female,22336,3,7315,15056,46,18
303,31,Female,123677,18,6856,29380,40,1
304,38,Male,87779,27,775,27035,18,10
305,37,Male,39029,10,7229,31620,42,12
306,25,Male,79201,7,6299,20877,20,14
307,24,Male,52265,17,9699,56316,6,11
308,20,Female,122916,14,3392,65041,12,10
309,34,Male,132250,24,3378,54352,2,6
310,50,Female,136553,3,6252,31911,7,4
311,29,Male,63872,12,2934,33784,16,16
312,39,Female,66197,28,6316,4191,3,19
313,39,Female,145733,13,3768,34160,45,8
314,63,Male,75180,2,9971,91536,3,13
315,47,Male,43710,3,2403,65641,27,11
316,55,Male,49486,5,1590,50723,43,5
317,55,Male,91907,11,1942,4631,40,16
318,62,Female,148876,8,2125,7172,38,18
319,25,Male,91895,26,819,43080,33,18
320,44,Male,84435,23,1474,90097,28,15
321,44,Female,60631,23,1156,91353,1,11
322,51,Male,149038,12,2139,21281,8,11
323,38,Male,121532,7,4153,29671,37,19
324,47,Male,40103,15,1168,52431,32,5
325,50,Male,84772,24,9708,91900,48,3
326,45,Male,146108,17,9435,93961,43,5
327,64,Female,34382,4,481,29602,37,10
328,50,Male,104291,29,6462,89789,4,0
329,22,Male,121195,22,1258,52399,30,14
330,36,Male,23756,25,4493,24472,6,10
331,21,Male,40609,13,5378,50230,46,18
332,52,Male,134074,18,7180,74616,19,17
333,34,Female,36478,1,9400,8099,32,16
334,61,Male,120978,16,1429,26431,9,18
335,45,Female,59666,13,9427,57492,12,13
336,47,Female,95683,10,4785,97722,11,17
337,46,Male,119097,12,8667,48684,46,18
338,63,Male,144714,2,2940,31111,16,14
339,23,Male,120420,23,2489,64936,1,14
340,52,Male,91315,3,1439,23614,45,3
341,58,Female,97834,10,5570,93260,21,6
342,54,Male,146205,2,325,42991,30,12
343,41,Male,34153,27,7673,71476,13,2
344,46,Male,129415,23,9600,61920,34,15
345,63,Male,96325,13,5542,95294,4,8
346,48,Male,129701,13,7551,64530,28,7
347,52,Male,32999,18,6838,37224,38,19
348,50,Female,75318,3,6770,8788,31,12
349,38,Female,20814,27,3449,29082,27,16
350,49,Male,135033,7,9310,90570,5,16
351,40,Male,96077,14,7795,77816,25,16
352,50,Male,110474,20,6494,84588,3,0
353,20,Female,22443,29,6727,17531,33,7
354,35,Male,95993,17,5957,89340,4,18
355,42,Female,95916,29,2169,95439,25,5
356,59,Male,93319,21,1091,45857,20,2
357,48,Male,145885,12,4670,11142,34,4
358,20,Male,129777,25,7375,49355,26,12
359,57,Male,37368,16,9756,10866,5,14
360,63,Female,35328,24,8520,71067,35,13
361,41,Female,76942,12,9406,65027,28,15
362,49,Male,111751,15,7012,58906,29,17
363,64,Male,119131,25,7719,29138,9,10
364,39,Female,47306,10,4812,93601,38,2
365,40,Female,105451,25,9910,30956,6,9
366,19,Female,59915,7,1398,77295,19,9
367,44,Female,57219,20,5438,6439,44,15
368,59,Male,100879,5,6289,48241,11,11
369,19,Female,131939,1,6457,43533,2,1
370,43,Male,84644,17,7905,29270,47,8
371,34,Female,80279,3,3919,79815,44,2
372,57,Female,73028,13,502,40279,44,14
373,50,Female,124263,14,1186,24888,9,2
374,26,Female,20126,24,4640,18630,21,18
375,60,Female,72329,18,5109,62063,24,17
376,56,Male,47632,4,3272,36144,34,7
377,46,Male,127099,18,3324,53161,22,16
378,59,Female,85310,5,9719,97718,3,7
379,43,Female,129945,25,8325,92074,12,6
380,52,Male,75176,16,3491,78360,28,6
381,42,Female,139797,1,4233,51979,30,2
382,41,Female,106066,21,5305,98661,26,0
383,30,Male,125500,14,903,7979,48,3
384,24,Female,146413,15,8333,27189,21,4
385,53,Female,64327,9,774,43600,28,0
386,62,Male,88904,15,5904,60560,26,14
387,37,Male,23797,17,8048,79040,33,4
388,18,Male,67882,25,5408,62558,21,12
389,25,Female,33718,24,7124,87205,35,7
390,63,Male,54560,4,4028,7910,34,7
391,33,Male,96589,12,3430,58713,41,4
392,31,Male,42116,27,688,47857,47,8
393,29,Male,56244,26,7314,35964,18,0
394,40,Male,121721,5,9739,86667,11,3
395,32,Male,21645,29,3373,26227,23,2
396,45,Female,67523,5,1867,6978,48,1
397,51,Female,144085,11,4314,88527,22,7
398,19,Male,137718,28,3753,18153,17,8
399,49,Male,39256,6,7961,60765,5,1
400,40,Male,121376,7,1200,40071,44,13
401,39,Female,120158,24,9242,70519,11,13
402,42,Female,73173,14,1588,10503,30,3
403,39,Female,57430,24,5650,61703,15,5
404,39,Female,59282,11,3912,65379,27,10
405,59,Female,139719,13,1567,96457,35,2
406,23,Female,83374,2,8389,58866,33,7
407,32,Female,88244,25,9213,17905,20,2
408,60,Female,31694,7,654,46838,16,13
409,54,Female,76264,20,2972,59279,34,12
410,50,Male,95060,4,3926,90489,2,12
411,25,Male,117416,27,7432,27806,35,1
412,61,Male,77545,8,5006,46000,40,12
413,61,Male,138195,20,2390,23168,28,18
414,22,Female,59224,29,9308,71119,47,5
415,56,Female,122516,22,3075,39714,39,15
416,21,Male,117945,21,5792,55093,6,1
417,23,Female,33224,19,1640,56419,9,7
418,62,Male,60738,13,9127,50145,20,16
419,49,Female,45150,14,6259,78425,1,1
420,47,Male,83731,10,7210,93949,8,9
421,64,Female,69688,11,7317,78811,23,15
422,52,Female,119929,2,9353,3461,3,5
423,57,Male,128618,25,3189,15291,4,1
424,33,Female,93509,26,9418,47804,25,1
425,30,Male,28577,9,6428,77971,47,12
426,59,Male,28070,17,6671,94471,38,14
427,47,Male,146161,26,3063,65946,15,1
428,36,Male,28666,3,1377,99989,21,6
429,34,Female,77761,24,4960,85080,35,2
430,36,Female,141178,6,211,62332,46,7
431,45,Female,56368,5,5452,78794,14,13
432,43,Male,26783,5,4599,31841,36,6
433,54,Female,131530,22,8434,49758,12,6
434,43,Male,61914,15,9335,77272,17,0
435,40,Female,90507,23,5645,38643,39,16
436,26,Female,147738,17,6770,51408,9,8
437,29,Female,99026,9,9396,44950,35,12
438,18,Male,135893,3,8412,57849,13,18
439,18,Female,131255,20,606,29044,15,18
440,64,Female,130616,26,9406,16997,18,16
441,51,Male,87526,17,4631,80751,33,9
442,49,Female,90835,29,5443,99605,6,9
443,42,Male,65765,27,6742,24911,27,3
444,57,Female,39956,10,7136,56533,23,7
445,62,Male,107895,3,9106,83566,27,19
446,18,Male,66240,18,4346,95870,34,19
447,33,Female,141008,18,340,15571,46,17
448,56,Male,57148,17,5082,95463,38,13
449,22,Male,114270,24,6212,58941,14,17
450,39,Male,147978,3,1163,59005,36,13
451,46,Male,24757,3,7351,87250,8,19
452,20,Male,39097,6,8764,59712,35,14
453,29,Male,30395,13,3810,44541,19,3
454,43,Female,36241,24,7094,24387,30,12
455,33,Male,123892,29,7511,94980,14,7
456,54,Male,47696,15,305,49908,20,17
457,39,Female,135654,25,5739,86457,49,11
458,46,Female,90480,9,6987,14057,25,13
459,31,Female,66163,4,2337,65028,40,1
460,45,Female,39816,14,4645,56731,24,17
461,22,Female,69840,5,3730,25858,14,1
462,64,Female,122547,2,1486,49689,26,10
463,47,Female,72853,11,7252,45638,38,8
464,63,Male,44917,9,3854,92598,23,11
465,22,Male,116731,24,7302,47486,22,16
466,29,Female,41566,3,2559,21567,48,14
467,33,Male,95452,27,8305,30739,19,16
468,43,Male,82823,28,8836,58804,46,17
469,43,Male,141392,29,6641,4754,3,5
470,38,Female,40806,9,5247,28044,42,16
471,56,Female,95520,3,8427,68260,19,17
472,53,Male,21759,25,5403,67912,9,7
473,50,Female,146092,2,9867,9706,28,8
474,47,Male,61949,12,1998,9894,20,5
475,54,Male,112374,10,9800,19037,45,4
476,40,Male,22482,9,5491,84986,7,11
477,27,Male,44442,15,5695,82942,14,10
478,22,Female,53719,8,6484,52612,9,0
479,53,Female,78066,25,7485,30725,19,10
480,51,Female,113501,5,1500,6926,47,18
481,48,Male,22079,11,7069,10496,14,8
482,27,Female,22717,27,9635,57447,38,1
483,36,Male,79676,2,3297,30806,36,11
484,49,Female,47952,24,4816,89199,40,3
485,18,Male,106444,28,209,42321,17,3
486,22,Male,62460,15,5952,66095,30,17
487,62,Male,110397,6,6495,23656,9,14
488,21,Female,92847,8,5015,56147,33,18
489,33,Female,113607,27,1272,92396,25,12
490,41,Female,109106,5,3425,50666,14,18
491,33,Female,38449,16,1516,83368,11,16
492,19,Male,53536,26,5899,39787,35,5
493,45,Female,84077,18,7007,63946,41,15
494,49,Female,58258,6,6874,22727,14,11
495,44,Male,68302,5,3883,96081,30,18
496,37,Male,145937,28,7427,69056,41,4
497,41,Male,48865,16,3473,4081,4,16
498,29,Female,26645,13,7200,35196,4,0
499,52,Male,139771,28,345,37735,28,9
500,50,Male,58000,5,5210,81102,8,14
